Feature,Importance
V14,0.18005783578965953
V12,0.1259724612153285
V10,0.10185085463812679
V17,0.0997634082093059
V4,0.08198546054970222
V3,0.06473319843420337
V11,0.059372455992372335
V16,0.03581323940443076
V7,0.02916509488389242
V2,0.02240069469414409
V18,0.018961082316985726
V19,0.014522243148719834
V9,0.01354102214006627
V6,0.011673539811500041
V21,0.011429603435115492
V20,0.011010574786779682
V8,0.010648426054888967
Log_Amount,0.009385172452354996
Amount,0.008264345308231147
V27,0.007726681398431653
V1_x_Amount,0.0073507518622322405
V1,0.007130135101205414
V28,0.006581965129336954
Amount_Squared,0.006451179991003108
V13,0.006450523131134619
V26,0.006097152642457093
V5,0.005483549504144516
V15,0.005414618458431904
V22,0.005122615407930518
V25,0.004788922373403321
V23,0.0047227556076285615
Hour,0.0035259037013802065
Time,0.0033428586033441192
V24,0.0026931169792364837
Amount_x_Night,0.0017134665328277206
Amount_Category_$10-$50,0.001011264477806614
Combined_Risk_Score,0.0009828222036960465
Amount_Category_Over $500,0.0005528076671203028
Is_Business_Hours,0.00046821813617857515
Amount_Risk_Score,0.0004391982983087275
Is_High_Value,0.00041326123030915716
Amount_Category_$100-$500,0.000312340350212319
Amount_Category_$50-$100,0.0002752671273533667
Time_Risk_Score,0.00021510392043996043
Is_Night_Time,0.0001828068986382422
